{
    "foundational_stability": {
        "custom_goal": {
            "keywords": [
                "custom",
                "unique",
                "special",
                "unicycle",
                "trip",
                "vacation",
                "save for",
                "goal",
                "something else",
                "dream"
            ],
            "params": [
                "scenarioName",
                "targetAmount",
                "targetDate"
            ]
        },
        "emergency_fund": {
            "keywords": [
                "emergency fund",
                "rainy day fund",
                "safety net",
                "unexpected expense fund",
                "buffer fund"
            ],
            "params": [
                "target_months",
                "monthly_expenses"
            ]
        },
        "house_deposit_fund": {
            "keywords": [
                "house deposit",
                "save for deposit",
                "property deposit",
                "first home deposit",
                "home down payment",
                "deposit for house"
            ],
            "params": [
                "target_amount",
                "target_date",
                "transfer_from_cash"
            ]
        },
        "debt_consolidation": {
            "keywords": [
                "consolidate debt",
                "combine debts",
                "debt consolidation",
                "merge loans",
                "refinance debt"
            ],
            "params": [
                "total_debt",
                "interest_rate"
            ]
        },
        "accelerate_debt": {
            "keywords": [
                "pay off debt faster",
                "accelerate debt payment",
                "extra debt payment",
                "clear debt",
                "debt snowball"
            ],
            "params": [
                "target_debt",
                "extra_payment"
            ]
        },
        "student_loan": {
            "keywords": [
                "student loan",
                "student debt",
                "tuition loan",
                "education loan",
                "uni debt"
            ],
            "params": [
                "loan_amount",
                "interest_rate",
                "repayment_plan"
            ]
        },
        "pension_contribution": {
            "keywords": [
                "pension",
                "retirement",
                "retire",
                "pension contribution",
                "retirement savings",
                "superannuation"
            ],
            "params": [
                "contribution_amount",
                "contribution_frequency"
            ]
        },
        "start_investing_isa": {
            "keywords": [
                "stocks and shares isa",
                "investment isa",
                "s&s isa",
                "isa investing",
                "tax-free investing"
            ],
            "params": [
                "initial_amount",
                "monthly_contribution"
            ]
        },
        "start_investing_gia": {
            "keywords": [
                "general investment account",
                "gia",
                "taxable investment",
                "brokerage account"
            ],
            "params": [
                "initial_amount",
                "monthly_contribution"
            ]
        },
        "transfer_balance": {
            "keywords": [
                "transfer balance",
                "move money",
                "rebalance",
                "shift funds"
            ],
            "params": [
                "from_account",
                "to_account",
                "amount"
            ]
        }
    },
    "housing_assets": {
        "buy_home": {
            "keywords": [
                "buy house",
                "buy home",
                "purchase property",
                "buying a house",
                "first time buyer",
                "property purchase"
            ],
            "params": [
                "amount",
                "date"
            ]
        },
        "apply_mortgage": {
            "keywords": [
                "mortgage",
                "home loan",
                "property loan",
                "get a mortgage",
                "apply for mortgage"
            ],
            "params": [
                "loan_amount",
                "interest_rate",
                "term_years"
            ]
        },
        "refinance_mortgage": {
            "keywords": [
                "remortgage",
                "refinance",
                "new mortgage deal",
                "switch mortgage"
            ],
            "params": [
                "current_balance",
                "new_rate",
                "term_years"
            ]
        },
        "home_improvement": {
            "keywords": [
                "renovate",
                "home renovation",
                "house improvement",
                "extension",
                "loft conversion",
                "new kitchen"
            ],
            "params": [
                "cost",
                "date"
            ]
        },
        "buy_vehicle": {
            "keywords": [
                "buy car",
                "purchase vehicle",
                "new car",
                "car financing"
            ],
            "params": [
                "amount",
                "date"
            ]
        },
        "sell_asset": {
            "keywords": [
                "sell house",
                "sell car",
                "sell property",
                "sell asset"
            ],
            "params": [
                "amount",
                "date"
            ]
        },
        "property_damage": {
            "keywords": [
                "property damage",
                "house damage",
                "flood",
                "fire damage",
                "storm damage"
            ],
            "params": [
                "cost",
                "insurance_coverage"
            ]
        }
    },
    "family_care": {
        "marriage": {
            "keywords": [
                "getting married",
                "wedding",
                "marriage",
                "tie the knot"
            ],
            "params": [
                "amount",
                "date"
            ]
        },
        "childbirth": {
            "keywords": [
                "having a baby",
                "expecting",
                "pregnancy",
                "new baby",
                "childbirth"
            ],
            "params": [
                "due_date",
                "childcare_costs"
            ]
        },
        "ivf_treatment": {
            "keywords": [
                "ivf",
                "fertility treatment",
                "ivf treatment",
                "assisted conception"
            ],
            "params": [
                "treatment_cost",
                "start_date"
            ]
        },
        "education_fund": {
            "keywords": [
                "save for education",
                "university fund",
                "school fees",
                "education savings",
                "tuition fund"
            ],
            "params": [
                "target_amount",
                "target_date"
            ]
        },
        "elder_care": {
            "keywords": [
                "elder care",
                "care home",
                "nursing home",
                "parent care",
                "elderly care costs"
            ],
            "params": [
                "monthly_cost",
                "start_date"
            ]
        },
        "divorce": {
            "keywords": [
                "divorce",
                "separation",
                "split finances",
                "marriage breakdown",
                "pay ex",
                "maintenance payment",
                "spousal support",
                "separation payment"
            ],
            "params": [
                "total_settlement_cost (Include legal fees)"
            ]
        },
        "death_partner": {
            "keywords": [
                "death of partner",
                "spouse died",
                "partner passed",
                "widow",
                "widower",
                "father died",
                "mother died",
                "parent died"
            ],
            "params": [
                "monthly_income_lost (if annual divide by 12)"
            ]
        }
    },
    "career_income": {
        "salary_increase": {
            "keywords": [
                "salary increase",
                "pay rise",
                "raise",
                "promotion",
                "higher salary"
            ],
            "params": [
                "new_salary",
                "effective_date"
            ]
        },
        "side_income": {
            "keywords": [
                "side hustle",
                "freelance income",
                "side income",
                "extra income",
                "gig work"
            ],
            "params": [
                "monthly_income",
                "start_date"
            ]
        },
        "reduce_expenses": {
            "keywords": [
                "cut expenses",
                "reduce spending",
                "save money",
                "lower costs",
                "frugal"
            ],
            "params": [
                "target_reduction",
                "categories"
            ]
        },
        "quit_job": {
            "keywords": [
                "quit job",
                "resign",
                "leave job",
                "hand in notice",
                "career break"
            ],
            "params": [
                "last_day",
                "notice_period"
            ]
        },
        "job_loss": {
            "keywords": [
                "lost job",
                "redundancy",
                "laid off",
                "unemployed",
                "job loss"
            ],
            "params": [
                "last_salary",
                "severance_pay"
            ]
        },
        "income_reduction": {
            "keywords": [
                "income cut",
                "salary reduction",
                "pay cut",
                "lower income"
            ],
            "params": [
                "new_income",
                "effective_date"
            ]
        },
        "income_interruption": {
            "keywords": [
                "gap in income",
                "career break",
                "unpaid leave",
                "sabbatical"
            ],
            "params": [
                "duration_months",
                "start_date"
            ]
        },
        "business_venture": {
            "keywords": [
                "start business",
                "new business",
                "entrepreneurship",
                "startup",
                "self-employed"
            ],
            "params": [
                "startup_cost",
                "launch_date"
            ]
        },
        "sell_business": {
            "keywords": [
                "sell business",
                "exit business",
                "business sale"
            ],
            "params": [
                "sale_price",
                "sale_date"
            ]
        },
        "training": {
            "keywords": [
                "training",
                "course",
                "certification",
                "upskilling",
                "professional development"
            ],
            "params": [
                "course_cost",
                "start_date"
            ]
        },
        "work_equipment": {
            "keywords": [
                "work equipment",
                "laptop",
                "desk setup",
                "tools",
                "work gear"
            ],
            "params": [
                "equipment_cost",
                "purchase_date"
            ]
        },
        "sabbatical": {
            "keywords": [
                "sabbatical",
                "career break",
                "time off",
                "gap year",
                "extended leave"
            ],
            "params": [
                "duration_months",
                "start_date"
            ]
        }
    },
    "health_protection": {
        "medical_emergency": {
            "keywords": [
                "medical emergency",
                "hospital",
                "surgery",
                "medical treatment",
                "health crisis"
            ],
            "params": [
                "medical_cost",
                "treatment_date"
            ]
        },
        "family_illness": {
            "keywords": [
                "family illness",
                "sick family member",
                "family health issue"
            ],
            "params": [
                "treatment_cost",
                "care_costs"
            ]
        },
        "long_term_illness": {
            "keywords": [
                "chronic illness",
                "long term illness",
                "ongoing condition",
                "disability"
            ],
            "params": [
                "monthly_cost",
                "duration"
            ]
        },
        "disability_support": {
            "keywords": [
                "disability",
                "disability support",
                "accessibility",
                "care needs"
            ],
            "params": [
                "equipment_cost",
                "support_costs"
            ]
        },
        "unexpected_expense": {
            "keywords": [
                "unexpected cost",
                "surprise expense",
                "emergency expense",
                "unforeseen cost"
            ],
            "params": [
                "expense_amount",
                "expense_date"
            ]
        },
        "tax_bill": {
            "keywords": [
                "tax bill",
                "tax payment",
                "owe tax",
                "tax liability",
                "hmrc payment"
            ],
            "params": [
                "tax_amount",
                "payment_deadline"
            ]
        },
        "fraud_theft": {
            "keywords": [
                "fraud",
                "theft",
                "scam",
                "stolen money",
                "identity theft"
            ],
            "params": [
                "loss_amount",
                "incident_date"
            ]
        }
    },
    "market_economic": {
        "market_crash": {
            "keywords": [
                "market crash",
                "stock market crash",
                "market downturn",
                "bear market"
            ],
            "params": [
                "crash_severity",
                "recovery_months"
            ]
        },
        "market_boom": {
            "keywords": [
                "market boom",
                "bull market",
                "market rally",
                "stocks up"
            ],
            "params": [
                "growth_rate",
                "duration"
            ]
        },
        "interest_rate_increase": {
            "keywords": [
                "interest rates up",
                "rate rise",
                "bank rate increase",
                "higher rates"
            ],
            "params": [
                "new_rate",
                "effective_date"
            ]
        },
        "interest_rate_decrease": {
            "keywords": [
                "interest rates down",
                "rate cut",
                "bank rate decrease",
                "lower rates"
            ],
            "params": [
                "new_rate",
                "effective_date"
            ]
        },
        "cost_of_living_shock": {
            "keywords": [
                "cost of living crisis",
                "inflation",
                "prices up",
                "everything expensive"
            ],
            "params": [
                "inflation_rate",
                "affected_categories"
            ]
        },
        "inheritance": {
            "keywords": [
                "inheritance",
                "inherited money",
                "legacy",
                "estate"
            ],
            "params": [
                "inheritance_amount",
                "receipt_date"
            ]
        },
        "large_windfall": {
            "keywords": [
                "windfall",
                "bonus",
                "lottery",
                "unexpected money",
                "lump sum"
            ],
            "params": [
                "windfall_amount",
                "receipt_date"
            ]
        },
        "insurance_payout": {
            "keywords": [
                "insurance payout",
                "insurance claim",
                "claim settlement"
            ],
            "params": [
                "payout_amount",
                "receipt_date"
            ]
        },
        "pension_withdrawal_oneoff": {
            "keywords": [
                "withdraw pension",
                "pension lump sum",
                "25% tax free",
                "pension cash"
            ],
            "params": [
                "withdrawal_amount",
                "withdrawal_date"
            ]
        },
        "pension_withdrawal_recurring": {
            "keywords": [
                "pension drawdown",
                "regular pension",
                "pension income",
                "retirement income"
            ],
            "params": [
                "monthly_amount",
                "start_date"
            ]
        },
        "isa_withdrawal": {
            "keywords": [
                "withdraw from isa",
                "isa withdrawal",
                "cash out isa",
                "take money from isa"
            ],
            "params": [
                "withdrawal_amount",
                "withdrawal_date"
            ]
        },
        "retirement_drawdown_test": {
            "keywords": [
                "retirement drawdown",
                "pension drawdown",
                "retirement income test"
            ],
            "params": [
                "drawdown_amount",
                "start_age"
            ]
        }
    }
}