{
    "ISA (Individual Savings Account)": {
        "limit": "£20,000 per tax year (across all ISA types)",
        "tax_benefits": "No tax on interest or capital gains.",
        "types": "Cash ISA, Stocks & Shares ISA, Lifetime ISA (LISA), Innovative Finance ISA.",
        "coach_tip": "Always maximize your ISA allowance before using a General Investment Account (GIA) to save on tax.",
        "source": "https://www.gov.uk/individual-savings-accounts",
        "last_updated": "2025-01-01"
    },
    "Lifetime ISA (LISA)": {
        "purpose": "Buying first home or retirement (age 60+).",
        "bonus": "25% government bonus on up to £4,000/year (max £1k bonus).",
        "restriction": "Must be 18-39 to open. Penalty for early withdrawal (25%).",
        "coach_tip": "Free money for first-time buyers. Use this first for your deposit.",
        "source": "https://www.gov.uk/lifetime-isa",
        "last_updated": "2025-01-01"
    },
    "Pension": {
        "tax_relief": "Government adds 20% tax relief automatically. Higher earners can claim another 20-25%.",
        "annual_allowance": "£60,000 per year (usually).",
        "access_age": "Age 55 (rising to 57 in 2028).",
        "employer_match": "Employers must contribute (usually 3%). This is free money.",
        "coach_tip": "The most tax-efficient way to save for the long term. Don't opt out of employer matching.",
        "source": "https://www.gov.uk/plan-retirement-income",
        "last_updated": "2025-01-01"
    },
    "Emergency Fund": {
        "rule_of_thumb": "3-6 months of essential living expenses.",
        "purpose": "Cover unexpected shocks (job loss, boiler repair) without debt.",
        "coach_tip": "Keep this in an easy-access Cash ISA or high-interest savings account. Do not invest it.",
        "source": "https://www.moneyhelper.org.uk/en/savings/investing/emergency-savings-how-much-is-enough",
        "last_updated": "2025-01-01"
    },
    "Debt Repayment": {
        "avalanche_method": "Pay highest interest rate debt first (saves most money).",
        "snowball_method": "Pay smallest balance first (psychological wins).",
        "coach_tip": "Pay off high-interest debt (credit cards) before investing.",
        "source": "https://www.moneyhelper.org.uk/en/debt-and-borrowing",
        "last_updated": "2025-01-01"
    },
    "Buying a Home": {
        "deposit": "Usually 5-10% minimum. 20%+ gets better mortgage rates.",
        "costs": "Stamp Duty, Solicitor fees (£1-2k), Survey (£500+).",
        "coach_tip": "Don't forget the hidden costs. Budget an extra £3-5k for fees and moving.",
        "source": "https://www.gov.uk/stamp-duty-land-tax",
        "last_updated": "2025-01-01"
    },
    "Inflation": {
        "description": "The rate at which prices rise. Averages 2-3% historically.",
        "impact": "Cash loses value over time if interest < inflation.",
        "coach_tip": "To beat inflation long-term, you usually need to invest (stocks/shares) rather than save in cash.",
        "source": "https://www.bankofengland.co.uk/monetary-policy/inflation",
        "last_updated": "2025-01-01"
    }
}